game.frametime_average,game.frametime_variance,game.time,network.acks_received,network.acks_sent,network.adapter,network.bytes_received,network.bytes_sent,network.connects,network.connects_received,network.connects_rejected,network.connects_sent,network.disconnects,network.messages_limited,network.messages_received,network.messages_redundant,network.messages_resent,network.messages_sent,network.never_connected,network.packets_acked,network.packets_limited,network.packets_lost,network.packets_outofseq,network.packets_received,network.packets_sent,network.peer_address,network.peer_port,network.processing_time,network.reconnects,network.reconnects_rejected,network.rtt_average,network.rtt_jitter,network.status,player.id,stats.duration,stats.version,
0.032414,0.002850,0.064867,34,212,Ethernet,43609,9773,1,4,0,4,0,0,2694,0,0,54,0,34,0,0,0,246,251,162.249.77.193,5184,0.010521,0,0,0.123113,0.004725,Connected,150742302,10.481314,7,
0.005584,0.000008,0.064867,73,182,Ethernet,12055,12573,0,0,0,0,0,0,369,0,0,74,0,73,0,0,0,255,255,162.249.77.193,5184,0.005025,0,0,0.120441,0.003754,Connected,150742302,10.002418,7,
0.005575,0.000008,0.064867,73,209,Ethernet,18333,14997,0,0,0,0,0,0,928,0,0,75,0,73,0,0,0,282,282,162.249.77.193,5184,0.005369,0,0,0.120216,0.004061,Connected,150742302,10.006588,7,
0.007217,0.000058,10.160958,88,188,Ethernet,43112,9420,0,0,0,0,0,0,1297,0,0,99,0,88,0,0,0,276,276,162.249.77.193,5184,0.006113,0,0,0.121615,0.004965,Connected,150742302,10.002730,7,
0.006962,0.000000,20.164841,144,150,Ethernet,20165,9410,0,0,0,0,0,0,417,0,0,161,0,144,0,0,0,294,295,162.249.77.193,5184,0.006700,0,0,0.123085,0.004057,Connected,150742302,10.004260,7,
0.006957,0.000000,30.168825,159,176,Ethernet,25477,11108,0,0,0,0,0,0,528,0,0,188,0,159,0,0,0,335,336,162.249.77.193,5184,0.007572,0,0,0.134588,0.005355,Connected,150742302,10.004353,7,
0.006987,0.000001,40.173550,224,237,Ethernet,37928,15371,0,0,0,0,0,0,702,0,0,291,0,224,0,0,0,461,459,162.249.77.193,5184,0.010406,0,0,0.140080,0.004952,Connected,150742302,10.005366,7,
0.006962,0.000000,50.176853,220,214,Ethernet,35322,15227,0,0,0,0,0,0,655,0,0,283,0,220,0,0,0,434,436,162.249.77.193,5184,0.009792,0,0,0.127337,0.006162,Connected,150742302,10.004167,7,
0.006974,0.000000,60.177349,258,251,Ethernet,46552,17712,0,0,0,0,0,0,969,0,0,329,0,259,0,0,0,509,510,162.249.77.193,5184,0.011779,0,0,0.124977,0.003978,Connected,150742302,10.000719,7,
0.006982,0.000000,70.182076,188,193,Ethernet,27259,12780,0,0,0,0,0,0,442,0,0,214,0,188,0,0,0,381,379,162.249.77.193,5184,0.008629,0,0,0.128506,0.003939,Connected,150742302,10.004986,7,
0.006983,0.000000,80.188499,191,205,Ethernet,30784,13514,0,0,0,0,0,0,566,0,0,242,0,191,0,0,0,396,401,162.249.77.193,5184,0.009091,0,0,0.129807,0.004736,Connected,150742302,10.006006,7,
0.007005,0.000000,90.191124,277,278,Ethernet,52012,19107,0,0,0,0,0,0,898,0,0,356,0,277,0,0,0,555,553,162.249.77.193,5184,0.013036,0,0,0.131636,0.004512,Connected,150742302,10.002463,7,
0.007092,0.000000,100.193466,299,303,Ethernet,78267,20699,0,0,0,0,0,0,1474,0,0,389,0,299,0,0,0,602,602,162.249.77.193,5184,0.015192,0,0,0.129900,0.004396,Connected,150742302,10.000258,7,
0.007054,0.000000,110.196007,280,307,Ethernet,80063,19552,0,0,0,0,0,0,1997,0,0,372,0,280,0,0,0,587,587,162.249.77.193,5184,0.015141,0,0,0.123797,0.003361,Connected,150742302,10.002632,7,
0.007086,0.000000,120.202095,273,314,Ethernet,89502,19650,0,0,0,0,0,0,2579,0,0,351,0,273,0,0,0,587,587,162.249.77.193,5184,0.015353,0,0,0.121578,0.003536,Connected,150742302,10.004925,7,
0.007078,0.000000,130.204559,255,327,Ethernet,89101,19208,0,0,0,0,0,0,2035,0,0,323,0,255,0,0,0,582,580,162.249.77.193,5184,0.014744,0,0,0.122734,0.003487,Connected,150742302,10.001322,7,
0.007063,0.000000,140.205505,237,325,Ethernet,82891,18020,0,0,0,0,0,0,2206,0,0,310,0,237,0,0,0,562,561,162.249.77.193,5184,0.013945,0,0,0.124227,0.003838,Connected,150742302,10.000560,7,
0.007043,0.000000,150.207428,271,308,Ethernet,78523,18940,0,0,0,0,0,0,1977,0,0,354,0,271,0,0,0,579,582,162.249.77.193,5184,0.014709,0,0,0.120458,0.003327,Connected,150742302,10.000666,7,
0.007006,0.000000,160.213226,242,330,Ethernet,86908,18194,0,0,0,0,0,0,2255,0,0,309,0,242,0,0,0,572,570,162.249.77.193,5184,0.014234,0,0,0.121156,0.003201,Connected,150742302,10.004910,7,
0.007007,0.000000,170.219391,270,340,Ethernet,100230,20527,0,0,0,0,0,0,2704,0,0,355,0,270,0,0,0,610,611,162.249.77.193,5184,0.015143,0,0,0.125860,0.003588,Connected,150742302,10.005554,7,
0.007088,0.000000,180.220734,291,367,Ethernet,112644,21955,0,0,0,0,0,0,2855,0,0,392,0,291,0,0,0,658,659,162.249.77.193,5184,0.016345,0,0,0.121578,0.003530,Connected,150742302,10.000546,7,
0.007148,0.000000,190.221512,296,385,Ethernet,127138,23077,0,0,0,0,0,0,3219,0,0,392,0,296,0,0,0,681,681,162.249.77.193,5184,0.017307,0,0,0.124304,0.003559,Connected,150742302,10.000260,7,
0.007032,0.000000,200.228851,274,341,Ethernet,95659,20408,0,0,0,0,0,0,2310,0,0,360,0,274,0,0,0,615,614,162.249.77.193,5184,0.015219,0,0,0.120714,0.003683,Connected,150742302,10.006838,7,
0.007084,0.000000,210.231628,271,345,Ethernet,103546,20667,0,0,0,0,0,0,2408,0,0,364,0,271,0,0,0,616,616,162.249.77.193,5184,0.015559,0,0,0.121021,0.004184,Connected,150742302,10.002234,7,
0.007065,0.000000,220.235764,284,322,Ethernet,89331,20242,0,0,0,0,0,0,2070,0,0,363,0,284,0,0,0,606,606,162.249.77.193,5184,0.015500,0,0,0.120185,0.003377,Connected,150742302,10.003610,7,
0.007098,0.000000,230.236374,279,326,Ethernet,86910,20114,0,0,0,0,0,0,2157,0,0,356,0,279,0,0,0,605,604,162.249.77.193,5184,0.015379,0,0,0.121648,0.004681,Connected,150742302,10.000463,7,
0.007127,0.000000,240.244049,284,356,Ethernet,115071,21683,0,0,0,0,0,0,3465,0,0,387,0,284,0,0,0,640,641,162.249.77.193,5184,0.016715,0,0,0.121227,0.004478,Connected,150742302,10.006616,7,
0.007207,0.000000,250.247192,292,389,Ethernet,128092,23299,0,0,0,0,0,0,3100,0,0,407,0,292,0,0,0,681,683,162.249.77.193,5184,0.017331,0,0,0.120817,0.003887,Connected,150742302,10.002644,7,
0.007059,0.000000,260.248535,257,332,Ethernet,95241,19256,0,0,0,0,0,0,2634,0,0,348,0,257,0,0,0,589,587,162.249.77.193,5184,0.014988,0,0,0.132361,0.003750,Connected,150742302,10.001921,7,
0.007077,0.000000,270.249481,223,308,Ethernet,79191,17070,0,0,0,0,0,0,2204,0,0,285,0,223,0,0,0,531,531,162.249.77.193,5184,0.013683,0,0,0.126554,0.004493,Connected,150742302,10.000352,7,
0.007049,0.000000,280.251923,218,338,Ethernet,100143,17883,0,0,0,0,0,0,2631,0,0,283,0,218,0,0,0,556,556,162.249.77.193,5184,0.014451,0,0,0.128466,0.003699,Connected,150742302,10.001950,7,
0.006987,0.000000,290.257904,251,301,Ethernet,73726,18192,0,0,0,0,0,0,1992,0,0,346,0,251,0,0,0,552,552,162.249.77.193,5184,0.013994,0,0,0.125908,0.003742,Connected,150742302,10.005890,7,
0.006967,0.000000,300.262360,224,336,Ethernet,91404,17900,0,0,0,0,0,0,2522,0,0,296,0,224,0,0,0,560,559,162.249.77.193,5184,0.013967,0,0,0.128023,0.004845,Connected,150742302,10.004415,7,
0.007057,0.000000,310.262878,272,344,Ethernet,100426,20648,0,0,0,0,0,0,2589,0,0,375,0,272,0,0,0,616,618,162.249.77.193,5184,0.015788,0,0,0.127600,0.003353,Connected,150742302,10.000148,7,
0.006999,0.000000,320.262787,275,301,Ethernet,78201,19753,0,0,0,0,0,0,2000,0,0,364,0,275,0,0,0,576,575,162.249.77.193,5184,0.014459,0,0,0.131265,0.004257,Connected,150742302,10.001034,7,
0.007077,0.000000,330.263702,271,306,Ethernet,69248,19541,0,0,0,0,0,0,1718,0,0,360,0,271,0,0,0,577,578,162.249.77.193,5184,0.014497,0,0,0.129534,0.003601,Connected,150742302,10.000229,7,
0.007069,0.000000,340.265900,266,326,Ethernet,94168,20230,0,0,0,0,0,0,2291,0,0,365,0,266,0,0,0,592,593,162.249.77.193,5184,0.015280,0,0,0.137331,0.003603,Connected,150742302,10.002708,7,
0.007090,0.000000,350.270142,276,325,Ethernet,100629,20699,0,0,0,0,0,0,2837,0,0,377,0,276,0,0,0,601,600,162.249.77.193,5184,0.016191,0,0,0.133178,0.003758,Connected,150742302,10.004435,7,
0.007097,0.000000,360.276978,274,323,Ethernet,91356,19991,0,0,0,0,0,0,2602,0,0,346,0,274,0,0,0,597,594,162.249.77.193,5184,0.015639,0,0,0.121441,0.003364,Connected,150742302,10.006504,7,
0.007179,0.000000,370.277832,260,337,Ethernet,104830,20697,0,0,0,0,0,0,2632,0,0,361,0,261,0,0,0,597,603,162.249.77.193,5184,0.015979,0,0,0.129731,0.004166,Connected,150742302,10.000887,7,
0.007288,0.000001,380.285126,291,348,Ethernet,113395,21854,0,0,0,0,0,0,2843,0,0,397,0,291,0,0,0,639,638,162.249.77.193,5184,0.016721,0,0,0.124437,0.003917,Connected,150742302,10.006785,7,
0.007115,0.000000,390.289246,266,316,Ethernet,82216,19491,0,0,0,0,0,0,1935,0,0,351,0,266,0,0,0,582,581,162.249.77.193,5184,0.014861,0,0,0.129044,0.003390,Connected,150742302,10.003224,7,
0.007026,0.000000,400.295471,261,321,Ethernet,87758,19464,0,0,0,0,0,0,1977,0,0,346,0,261,0,0,0,582,581,162.249.77.193,5184,0.014578,0,0,0.124776,0.004064,Connected,150742302,10.005530,7,
0.007062,0.000000,410.297943,264,337,Ethernet,98887,19707,0,0,0,0,0,0,2565,0,0,342,0,264,0,0,0,601,602,162.249.77.193,5184,0.015355,0,0,0.125154,0.003571,Connected,150742302,10.000193,7,
0.007051,0.000000,420.304352,289,307,Ethernet,73179,20309,0,0,0,0,0,0,1768,0,0,369,0,289,0,0,0,596,597,162.249.77.193,5184,0.014945,0,0,0.121850,0.003674,Connected,150742302,10.004863,7,
0.007102,0.000000,430.311066,292,339,Ethernet,97143,21100,0,0,0,0,0,0,2143,0,0,382,0,293,0,0,0,631,630,162.249.77.193,5184,0.016077,0,0,0.129455,0.003957,Connected,150742302,10.006313,7,
0.007139,0.000000,440.312836,298,338,Ethernet,104576,21977,0,0,0,0,0,0,2662,0,0,416,0,298,0,0,0,636,636,162.249.77.193,5184,0.016742,0,0,0.130848,0.003739,Connected,150742302,10.001700,7,
0.007166,0.000000,450.317078,305,341,Ethernet,105793,22460,0,0,0,0,0,0,2423,0,0,422,0,305,0,0,0,646,646,162.249.77.193,5184,0.016624,0,0,0.129821,0.003667,Connected,150742302,10.003798,7,
0.007206,0.000000,460.319275,327,392,Ethernet,133922,43381,0,0,0,0,0,0,3107,0,0,435,0,327,0,0,0,719,719,162.249.77.193,5184,0.018258,0,0,0.124493,0.004084,Connected,150742302,10.001656,7,
0.007133,0.000000,470.320129,308,315,Ethernet,88895,28882,0,0,0,0,0,0,2371,0,0,395,0,308,0,0,0,623,623,162.249.77.193,5184,0.016383,0,0,0.124444,0.003519,Connected,150742302,10.000269,7,
0.007136,0.000000,480.325562,261,318,Ethernet,92037,19817,0,0,0,0,0,0,2512,0,0,364,0,261,0,0,0,579,579,162.249.77.193,5184,0.015223,0,0,0.125145,0.003649,Connected,150742302,10.004873,7,
0.007088,0.000000,490.327240,230,322,Ethernet,79951,17948,0,0,0,0,0,0,1933,0,0,307,0,230,0,0,0,552,552,162.249.77.193,5184,0.013744,0,0,0.129181,0.003948,Connected,150742302,10.001573,7,
0.007020,0.000000,500.330963,211,281,Ethernet,68477,15772,0,0,0,0,0,0,1767,0,0,272,0,211,0,0,0,492,491,162.249.77.193,5184,0.012697,0,0,0.126965,0.003640,Connected,150742302,10.002915,7,
0.007026,0.000000,510.335938,200,287,Ethernet,70325,15603,0,0,0,0,0,0,1950,0,0,247,0,200,0,0,0,487,487,162.249.77.193,5184,0.012455,0,0,0.127491,0.004398,Connected,150742302,10.004324,7,
0.007049,0.000000,520.338257,234,315,Ethernet,81741,18583,0,0,0,0,0,0,2013,0,0,309,0,234,0,0,0,549,549,162.249.77.193,5184,0.014003,0,0,0.130615,0.004544,Connected,150742302,10.001945,7,
0.007122,0.000000,530.345154,267,330,Ethernet,94535,20429,0,0,0,0,0,0,2644,0,0,357,0,267,0,0,0,597,598,162.249.77.193,5184,0.015788,0,0,0.121638,0.004105,Connected,150742302,10.006245,7,
0.007128,0.000000,540.346985,283,360,Ethernet,114683,22006,0,0,0,0,0,0,2958,0,0,395,0,283,0,0,0,643,643,162.249.77.193,5184,0.016575,0,0,0.120397,0.003612,Connected,150742302,10.001021,7,
0.007135,0.000000,550.350647,286,357,Ethernet,116111,21953,0,0,0,0,0,0,2852,0,0,390,0,286,0,0,0,643,644,162.249.77.193,5184,0.016818,0,0,0.120348,0.003749,Connected,150742302,10.002898,7,
0.007093,0.000000,560.352356,218,309,Ethernet,75948,17294,0,0,0,0,0,0,1931,0,0,284,0,218,0,0,0,527,525,162.249.77.193,5184,0.013490,0,0,0.120596,0.003899,Connected,150742302,10.000537,7,
0.007167,0.000000,570.357361,257,335,Ethernet,99723,20182,0,0,0,0,0,0,2435,0,0,350,0,257,0,0,0,592,592,162.249.77.193,5184,0.015145,0,0,0.119990,0.003158,Connected,150742302,10.004523,7,
0.007190,0.000001,580.359741,253,324,Ethernet,92432,18907,0,0,0,0,0,0,2080,0,0,321,0,253,0,0,0,577,577,162.249.77.193,5184,0.015143,0,0,0.121399,0.003696,Connected,150742302,10.001569,7,
0.007141,0.000000,590.364014,248,325,Ethernet,93747,19119,0,0,0,0,0,0,2495,0,0,341,0,248,0,0,0,573,574,162.249.77.193,5184,0.014859,0,0,0.122117,0.004382,Connected,150742302,10.004236,7,
0.007021,0.000000,600.368713,250,352,Ethernet,110653,19910,0,0,0,0,0,0,3091,0,0,345,0,250,0,0,0,602,602,162.249.77.193,5184,0.015407,0,0,0.127937,0.003475,Connected,150742302,10.004504,7,
0.007076,0.000000,610.374207,290,336,Ethernet,94341,21065,0,0,0,0,0,0,2152,0,0,382,0,290,0,0,0,626,625,162.249.77.193,5184,0.015904,0,0,0.122382,0.003290,Connected,150742302,10.005565,7,
0.007104,0.000000,620.376953,255,313,Ethernet,76147,19334,0,0,0,0,0,0,2026,0,0,340,0,256,0,0,0,568,569,162.249.77.193,5184,0.014494,0,0,0.127885,0.003667,Connected,150742302,10.002908,7,
0.007090,0.000000,630.380249,272,314,Ethernet,78920,19988,0,0,0,0,0,0,1831,0,0,360,0,272,0,0,0,586,587,162.249.77.193,5184,0.014931,0,0,0.127143,0.004153,Connected,150742302,10.003908,7,
0.007091,0.000000,640.387207,256,325,Ethernet,91147,19740,0,0,0,0,0,0,2240,0,1,334,0,258,0,1,0,581,585,162.249.77.193,5184,0.014530,0,0,0.135631,0.009688,Connected,150742302,10.005907,7,
0.007081,0.000000,650.393677,276,321,Ethernet,91380,20171,0,0,0,0,0,0,2153,0,0,360,0,276,0,0,0,597,594,162.249.77.193,5184,0.015285,0,0,0.123008,0.003930,Connected,150742302,10.005787,7,
0.007050,0.000000,660.398682,254,311,Ethernet,89018,18806,0,0,0,0,0,0,2360,0,0,343,0,254,0,0,0,565,566,162.249.77.193,5184,0.014400,0,0,0.121977,0.003474,Connected,150742302,10.003995,7,
0.007156,0.000000,670.403748,294,433,Ethernet,157909,24566,0,0,0,0,0,0,4002,0,0,401,0,294,0,0,0,727,727,162.249.77.193,5184,0.018178,0,0,0.121822,0.003451,Connected,150742302,10.003768,7,
0.007213,0.000001,680.408875,269,360,Ethernet,116174,21229,0,0,0,0,0,0,2823,0,0,366,0,269,0,0,0,629,630,162.249.77.193,5184,0.015965,0,0,0.121053,0.003888,Connected,150742302,10.004223,7,
0.007175,0.000000,690.412659,267,323,Ethernet,97643,19716,0,0,0,0,0,0,2268,0,0,357,0,267,0,0,0,590,588,162.249.77.193,5184,0.015470,0,0,0.121184,0.003449,Connected,150742302,10.002540,7,
0.007236,0.000001,700.413574,257,337,Ethernet,101680,19700,0,0,0,0,0,0,2485,0,0,341,0,257,0,0,0,594,595,162.249.77.193,5184,0.015688,0,0,0.120233,0.003455,Connected,150742302,10.000262,7,
0.007204,0.000000,710.420776,274,368,Ethernet,122345,22291,0,0,0,0,0,0,3366,0,0,393,0,274,0,0,0,642,641,162.249.77.193,5184,0.016591,0,0,0.123816,0.005455,Connected,150742302,10.006790,7,
0.007083,0.000000,720.423096,286,315,Ethernet,81083,20206,0,0,0,0,0,0,1973,0,0,365,0,286,0,0,0,601,603,162.249.77.193,5184,0.015450,0,0,0.121516,0.004466,Connected,150742302,10.001726,7,
0.007136,0.000000,730.427429,270,314,Ethernet,84172,19735,0,0,0,0,0,0,1989,0,0,350,0,270,0,0,0,584,584,162.249.77.193,5184,0.015357,0,0,0.122355,0.003867,Connected,150742302,10.003991,7,
0.007141,0.000000,740.432007,267,339,Ethernet,98520,20722,0,0,0,0,0,0,2512,0,0,365,0,267,0,0,0,606,606,162.249.77.193,5184,0.015753,0,0,0.124075,0.004553,Connected,150742302,10.004141,7,
0.007157,0.000000,750.437927,233,296,Ethernet,70738,17872,0,0,0,0,0,0,1659,0,0,311,0,233,0,0,0,529,526,162.249.77.193,5184,0.013552,0,0,0.121351,0.003819,Connected,150742302,10.005301,7,
0.007115,0.000000,760.442383,236,293,Ethernet,70583,17223,0,0,0,0,0,0,1605,0,0,298,0,236,0,0,0,529,531,162.249.77.193,5184,0.013736,0,0,0.122469,0.004280,Connected,150742302,10.004038,7,
0.007038,0.000000,770.444458,236,290,Ethernet,61378,17264,0,0,0,0,0,0,1553,0,0,328,0,236,0,0,0,526,525,162.249.77.193,5184,0.013466,0,0,0.122601,0.005520,Connected,150742302,10.001563,7,
0.007086,0.000000,780.449890,257,322,Ethernet,89489,19039,0,0,0,0,0,0,2096,0,0,344,0,257,0,0,0,579,581,162.249.77.193,5184,0.014992,0,0,0.123379,0.003800,Connected,150742302,10.004993,7,
0.007112,0.000000,790.456787,273,367,Ethernet,118360,20502,0,0,0,0,0,0,2732,0,0,353,0,273,0,0,0,640,639,162.249.77.193,5184,0.016375,0,0,0.130748,0.004170,Connected,150742302,10.007000,7,
0.007168,0.000000,800.463745,262,353,Ethernet,109443,20376,0,0,0,0,0,0,2952,0,0,358,0,262,0,0,0,615,616,162.249.77.193,5184,0.015810,0,0,0.127991,0.004910,Connected,150742302,10.007162,7,
0.007095,0.000000,810.466919,275,316,Ethernet,87164,20133,0,0,0,0,0,0,1953,0,0,367,0,275,0,0,0,591,591,162.249.77.193,5184,0.015269,0,0,0.127387,0.004168,Connected,150742302,10.003559,7,
0.007163,0.000000,820.472961,281,328,Ethernet,98927,20657,0,0,0,0,0,0,2340,0,0,371,0,282,0,0,0,609,609,162.249.77.193,5184,0.016386,0,0,0.134587,0.004184,Connected,150742302,10.006694,7,
0.007169,0.000000,830.480652,275,319,Ethernet,86308,20220,0,0,0,0,0,0,1786,0,0,370,0,275,0,0,0,594,596,162.249.77.193,5184,0.015459,0,0,0.131358,0.004913,Connected,150742302,10.007920,7,
0.007127,0.000000,840.486450,309,379,Ethernet,123022,23971,0,0,0,0,0,0,2880,0,0,432,0,309,0,0,0,688,688,162.249.77.193,5184,0.017620,0,0,0.137017,0.004858,Connected,150742302,10.006279,7,
0.007187,0.000000,850.490295,295,326,Ethernet,91441,21111,0,0,0,0,0,0,1984,0,0,391,0,295,0,0,0,621,619,162.249.77.193,5184,0.016206,0,0,0.135478,0.004181,Connected,150742302,10.003701,7,
0.007255,0.000000,860.496338,272,387,Ethernet,128314,22445,0,0,0,0,0,0,3658,0,0,375,0,272,0,0,0,659,661,162.249.77.193,5184,0.017280,0,0,0.123904,0.003804,Connected,150742302,10.004553,7,
0.007130,0.000000,870.500916,270,324,Ethernet,87808,20343,0,0,0,0,0,0,2075,0,0,355,0,270,0,0,0,594,592,162.249.77.193,5184,0.014942,0,0,0.120893,0.003755,Connected,150742302,10.002954,7,
0.007130,0.000000,880.505676,234,320,Ethernet,81637,18434,0,0,0,0,0,0,2112,0,0,297,0,234,0,0,0,554,554,162.249.77.193,5184,0.014271,0,0,0.121310,0.003705,Connected,150742302,10.003675,7,
0.007054,0.000000,890.508789,232,284,Ethernet,64660,17247,0,0,0,0,0,0,1702,0,0,302,0,232,0,0,0,516,516,162.249.77.193,5184,0.013304,0,0,0.120772,0.003617,Connected,150742302,10.002168,7,
0.007064,0.000000,900.513062,243,300,Ethernet,77710,18481,0,0,0,0,0,0,2335,0,0,327,0,243,0,0,0,543,543,162.249.77.193,5184,0.014003,0,0,0.122509,0.004428,Connected,150742302,10.003058,7,
0.007141,0.000000,910.518738,256,345,Ethernet,88677,19344,0,0,0,0,0,0,2202,0,0,335,0,256,0,0,0,601,602,162.249.77.193,5184,0.015058,0,0,0.120712,0.003467,Connected,150742302,10.004496,7,
0.007070,0.000000,920.522156,251,298,Ethernet,70618,17837,0,0,0,0,0,0,1713,0,0,318,0,251,0,0,0,549,550,162.249.77.193,5184,0.013732,0,0,0.127201,0.003598,Connected,150742302,10.003544,7,
0.007102,0.000000,930.528137,260,345,Ethernet,107571,19688,0,0,0,0,0,0,2543,0,0,351,0,260,0,0,0,605,604,162.249.77.193,5184,0.015382,0,0,0.128606,0.004007,Connected,150742302,10.006029,7,
0.007188,0.000001,940.533325,271,390,Ethernet,129093,21395,0,0,0,0,0,0,3897,0,0,364,0,271,0,0,0,661,662,162.249.77.193,5184,0.017606,0,0,0.129539,0.003444,Connected,150742302,10.005487,7,
0.007108,0.000000,950.534180,280,312,Ethernet,82972,19668,0,0,0,0,0,0,2175,0,0,357,0,280,0,0,0,592,590,162.249.77.193,5184,0.015109,0,0,0.123066,0.003620,Connected,150742302,10.000386,7,
0.007108,0.000000,960.535278,245,353,Ethernet,112475,19798,0,0,0,0,0,0,3067,0,0,337,0,245,0,0,0,598,599,162.249.77.193,5184,0.015452,0,0,0.125566,0.004093,Connected,150742302,10.000438,7,
0.007176,0.000000,970.538635,259,368,Ethernet,114902,20970,0,0,0,0,0,0,2899,0,0,350,0,259,0,0,0,627,625,162.249.77.193,5184,0.015935,0,0,0.124821,0.003970,Connected,150742302,10.003568,7,
0.007119,0.000000,980.541870,230,293,Ethernet,75322,17427,0,0,0,0,0,0,1928,0,0,297,0,230,0,0,0,523,523,162.249.77.193,5184,0.013471,0,0,0.126144,0.003950,Connected,150742302,10.002675,7,
0.007131,0.000000,990.546875,243,264,Ethernet,58772,17756,0,0,0,0,0,0,1459,0,0,312,0,243,0,0,0,507,509,162.249.77.193,5184,0.013111,0,0,0.123186,0.004293,Connected,150742302,10.004273,7,
0.007184,0.000000,1000.547974,247,332,Ethernet,90388,19740,0,0,0,0,0,0,2351,0,0,305,0,247,0,0,0,579,577,162.249.77.193,5184,0.014873,0,0,0.123618,0.003806,Connected,150742302,10.000095,7,
0.007357,0.000001,1010.553833,172,286,Ethernet,72111,15016,0,0,0,0,0,0,2230,0,0,224,0,172,0,0,0,458,459,162.249.77.193,5184,0.011795,0,0,0.120765,0.003969,Connected,150742302,10.004937,7,
0.007100,0.000000,1020.558289,246,300,Ethernet,71211,17820,0,0,0,0,0,0,2304,0,0,315,0,246,0,0,0,546,547,162.249.77.193,5184,0.013877,0,0,0.119863,0.003114,Connected,150742302,10.003636,7,
0.007089,0.000000,1030.562012,233,335,Ethernet,91427,18703,0,0,0,0,0,0,2460,0,0,319,0,233,0,0,0,568,566,162.249.77.193,5184,0.013949,0,0,0.120154,0.003134,Connected,150742302,10.002504,7,
0.007079,0.000000,1040.565186,219,309,Ethernet,89975,17651,0,0,0,0,0,0,2702,0,0,294,0,219,0,0,0,528,529,162.249.77.193,5184,0.013506,0,0,0.120158,0.002966,Connected,150742302,10.002911,7,
0.007123,0.000000,1050.566650,253,309,Ethernet,79685,18507,0,0,0,0,0,0,2061,0,0,332,0,253,0,0,0,562,563,162.249.77.193,5184,0.013934,0,0,0.121538,0.003491,Connected,150742302,10.000757,7,
0.007120,0.000000,1060.571167,247,338,Ethernet,104349,19414,0,0,0,0,0,0,2816,0,0,335,0,247,0,0,0,585,584,162.249.77.193,5184,0.014979,0,0,0.129405,0.004484,Connected,150742302,10.004003,7,
0.007206,0.000000,1070.573730,279,386,Ethernet,145526,22268,0,0,0,0,0,0,4172,0,0,372,0,279,0,0,0,665,664,162.249.77.193,5184,0.016964,0,0,0.125946,0.004505,Connected,150742302,10.002470,7,
0.007180,0.000000,1080.575195,267,343,Ethernet,104118,20711,0,0,0,0,0,0,2725,0,0,342,0,267,0,0,0,610,611,162.249.77.193,5184,0.015150,0,0,0.125434,0.004146,Connected,150742302,10.001547,7,
0.007154,0.000000,1090.576172,237,338,Ethernet,103058,19191,0,0,0,0,0,0,2836,0,0,310,0,237,0,0,0,575,576,162.249.77.193,5184,0.014802,0,0,0.129087,0.004481,Connected,150742302,10.001212,7,
0.007062,0.000000,1100.582275,267,323,Ethernet,91762,20640,0,0,0,0,0,0,2329,0,0,363,0,267,0,0,0,590,588,162.249.77.193,5184,0.014737,0,0,0.136135,0.005424,Connected,150742302,10.006889,7,
0.007163,0.000000,1110.588867,238,299,Ethernet,76984,18699,0,0,0,0,0,0,2152,0,0,321,0,238,0,0,0,537,540,162.249.77.193,5184,0.013786,0,0,0.125353,0.004443,Connected,150742302,10.006429,7,
0.007094,0.000000,1120.591309,243,302,Ethernet,77437,17959,0,0,0,0,0,0,1911,0,0,315,0,243,0,0,0,545,543,162.249.77.193,5184,0.013496,0,0,0.123314,0.005178,Connected,150742302,10.001841,7,
0.007288,0.000001,1130.598389,274,342,Ethernet,107974,21046,0,0,0,0,0,0,2769,0,0,366,0,274,0,0,0,616,618,162.249.77.193,5184,0.015642,0,0,0.124330,0.004300,Connected,150742302,10.006590,7,
0.007220,0.000001,1140.605347,285,369,Ethernet,120262,22443,0,0,0,0,0,0,3240,0,0,389,0,285,0,0,0,654,654,162.249.77.193,5184,0.016252,0,0,0.123179,0.003764,Connected,150742302,10.006315,7,
0.007165,0.000000,1150.607910,277,349,Ethernet,96138,21093,0,0,0,0,0,0,2064,0,0,364,0,277,0,0,0,626,624,162.249.77.193,5184,0.015291,0,0,0.134855,0.004111,Connected,150742302,10.002143,7,
0.007297,0.000001,1160.613281,300,378,Ethernet,124577,23457,0,0,0,0,0,0,2977,0,0,406,0,300,0,0,0,678,680,162.249.77.193,5184,0.016886,0,0,0.122434,0.003552,Connected,150742302,10.004035,7,
0.007518,0.000001,1170.620728,306,432,Ethernet,162984,25509,0,0,0,0,0,0,3998,0,0,410,0,306,0,0,0,738,736,162.249.77.193,5184,0.018353,0,0,0.124034,0.004304,Connected,150742302,10.006259,7,
0.007262,0.000001,1180.627808,279,341,Ethernet,96889,21427,0,0,0,0,0,0,2398,0,0,362,0,279,0,0,0,620,621,162.249.77.193,5184,0.015459,0,0,0.124548,0.003763,Connected,150742302,10.006658,7,
0.007153,0.000000,1190.628418,249,305,Ethernet,75392,19065,0,0,0,0,0,0,2208,0,0,328,0,249,0,0,0,554,554,162.249.77.193,5184,0.013859,0,0,0.124684,0.004457,Connected,150742302,10.000405,7,
0.007074,0.000000,1200.630981,169,285,Ethernet,56496,15233,0,0,0,0,0,0,1919,0,0,235,0,169,0,0,0,454,452,162.249.77.193,5184,0.010742,0,0,0.135707,0.009899,Connected,150742302,10.002289,7,
0.007157,0.000000,1210.637939,226,329,Ethernet,84293,18890,0,0,0,0,0,0,2091,0,0,289,0,226,0,0,0,555,556,162.249.77.193,5184,0.013484,0,0,0.124690,0.005675,Connected,150742302,10.005459,7,
0.007204,0.000000,1220.644409,242,280,Ethernet,69868,18147,0,0,0,0,0,0,1923,0,0,311,0,242,0,0,0,522,521,162.249.77.193,5184,0.013217,0,0,0.127660,0.004170,Connected,150742302,10.005726,7,
0.007201,0.000000,1230.647461,220,302,Ethernet,87361,18067,0,0,0,0,0,0,2342,0,0,287,0,220,0,0,0,522,523,162.249.77.193,5184,0.013323,0,0,0.127914,0.005234,Connected,150742302,10.002646,7,
0.007606,0.000001,1240.649658,287,372,Ethernet,138657,22676,0,0,0,0,0,0,3394,0,0,392,0,287,0,0,0,659,658,162.249.77.193,5184,0.017220,0,0,0.124655,0.003770,Connected,150742302,10.002473,7,
0.007335,0.000001,1250.655151,285,338,Ethernet,107305,21406,0,0,0,0,0,0,2743,0,0,375,0,285,0,0,0,623,624,162.249.77.193,5184,0.016066,0,0,0.128637,0.003639,Connected,150742302,10.005460,7,
0.007210,0.000000,1260.656250,258,333,Ethernet,94771,20042,0,0,0,0,0,0,2605,0,0,355,0,258,0,0,0,591,592,162.249.77.193,5184,0.014898,0,0,0.125381,0.003844,Connected,150742302,10.000362,7,
0.007196,0.000000,1270.657593,264,381,Ethernet,123286,21549,0,0,0,0,0,0,3064,0,0,348,0,264,0,0,0,645,643,162.249.77.193,5184,0.015889,0,0,0.132799,0.003900,Connected,150742302,10.002710,7,
0.007428,0.000001,1280.664307,302,436,Ethernet,158909,25692,0,0,0,0,0,0,4309,0,0,411,0,302,0,0,0,738,743,162.249.77.193,5184,0.018629,0,0,0.121611,0.003852,Connected,150742302,10.006034,7,
0.007125,0.000000,1290.668701,259,307,Ethernet,76224,19453,0,0,0,0,0,0,1979,0,0,327,0,259,0,0,0,566,562,162.249.77.193,5184,0.014120,0,0,0.120221,0.003672,Connected,150742302,10.003061,7,
0.007089,0.000000,1300.671753,234,310,Ethernet,85025,17849,0,0,0,0,0,0,1919,0,0,302,0,234,0,0,0,544,544,162.249.77.193,5184,0.013172,0,0,0.120541,0.003572,Connected,150742302,10.002446,7,
0.007079,0.000000,1310.676270,248,327,Ethernet,99481,18979,0,0,0,0,0,0,2453,0,0,332,0,248,0,0,0,575,574,162.249.77.193,5184,0.014241,0,0,0.120735,0.003584,Connected,150742302,10.003233,7,
0.007156,0.000000,1320.680420,225,335,Ethernet,93813,18479,0,0,0,0,0,0,2576,0,0,313,0,225,0,0,0,560,561,162.249.77.193,5184,0.013770,0,0,0.121410,0.004185,Connected,150742302,10.003471,7,
0.007179,0.000000,1330.688232,220,324,Ethernet,94089,17902,0,0,0,0,0,0,2494,0,0,293,0,220,0,0,0,544,542,162.249.77.193,5184,0.013473,0,0,0.122178,0.003689,Connected,150742302,10.006845,7,
0.007384,0.000001,1340.694092,263,358,Ethernet,114321,21478,0,0,0,0,0,0,2929,0,0,358,0,263,0,0,0,621,622,162.249.77.193,5184,0.015383,0,0,0.122169,0.003977,Connected,150742302,10.004796,7,
0.007243,0.000001,1350.696411,282,318,Ethernet,91657,20992,0,0,0,0,0,0,2235,0,0,372,0,282,0,0,0,600,600,162.249.77.193,5184,0.015235,0,0,0.131251,0.003695,Connected,150742302,10.002592,7,
0.007373,0.000001,1360.701416,271,317,Ethernet,87456,20221,0,0,0,0,0,0,2215,0,0,354,0,271,0,0,0,588,588,162.249.77.193,5184,0.014982,0,0,0.128092,0.003957,Connected,150742302,10.004870,7,
0.007330,0.000001,1370.707520,257,313,Ethernet,93777,20103,0,0,0,0,0,0,2702,0,0,352,0,258,0,0,0,570,572,162.249.77.193,5184,0.014928,0,0,0.129939,0.005042,Connected,150742302,10.005706,7,
0.007284,0.000001,1380.708374,263,326,Ethernet,95727,20064,0,0,0,0,0,0,2933,0,0,356,0,263,0,0,0,589,590,162.249.77.193,5184,0.015544,0,0,0.130730,0.003445,Connected,150742302,10.001008,7,
0.007574,0.000001,1390.714478,284,441,Ethernet,151330,24723,0,0,0,0,0,0,3660,0,0,371,0,284,0,0,0,725,725,162.249.77.193,5184,0.017243,0,0,0.127069,0.003259,Connected,150742302,10.005758,7,
0.007308,0.000001,1400.718628,274,380,Ethernet,127949,22101,0,0,0,0,0,0,3656,0,0,365,0,274,0,0,0,654,653,162.249.77.193,5184,0.016410,0,0,0.131504,0.003879,Connected,150742302,10.004147,7,
0.007277,0.000000,1410.724243,248,350,Ethernet,117493,20251,0,0,0,0,0,0,2925,0,0,339,0,248,0,0,0,598,598,162.249.77.193,5184,0.015103,0,0,0.124756,0.003617,Connected,150742302,10.005211,7,
0.007324,0.000001,1420.729614,242,323,Ethernet,90910,18876,0,0,0,0,0,0,2197,0,0,312,0,242,0,0,0,565,564,162.249.77.193,5184,0.014292,0,0,0.127865,0.004048,Connected,150742302,10.004528,7,
0.007270,0.000000,1430.733276,245,299,Ethernet,76158,18662,0,0,0,0,0,0,2080,0,0,326,0,245,0,0,0,544,544,162.249.77.193,5184,0.013899,0,0,0.134585,0.004402,Connected,150742302,10.003913,7,
0.007255,0.000000,1440.737915,256,327,Ethernet,89818,19728,0,0,0,0,0,0,2499,0,0,341,0,257,0,0,0,583,584,162.249.77.193,5184,0.014203,0,0,0.128665,0.004286,Connected,150742302,10.004565,7,
0.006987,0.000000,1450.744263,227,316,Ethernet,84265,17717,0,0,0,0,0,0,2064,0,0,290,0,227,0,0,0,543,544,162.249.77.193,5184,0.013372,0,0,0.127843,0.004205,Connected,150742302,10.005619,7,
0.006963,0.000000,1460.751221,171,248,Ethernet,47943,13518,0,0,0,0,0,0,1304,0,0,205,0,171,0,0,0,419,417,162.249.77.193,5184,0.009745,0,0,0.124439,0.006101,Connected,150742302,10.006018,7,
0.007004,0.000000,1470.753662,197,302,Ethernet,85218,16214,0,0,0,0,0,0,2515,0,0,240,0,197,0,0,0,499,501,162.249.77.193,5184,0.012468,0,0,0.121149,0.004369,Connected,150742302,10.001319,7,
0.007016,0.000000,1480.759399,209,314,Ethernet,74639,17149,0,0,0,0,0,0,2033,0,0,265,0,209,0,0,0,523,522,162.249.77.193,5184,0.013037,0,0,0.120949,0.004032,Connected,150742302,10.004739,7,
0.007371,0.000001,1490.762573,284,346,Ethernet,118373,20901,0,0,0,0,0,0,3126,0,0,383,0,284,0,0,0,630,630,162.249.77.193,5184,0.016357,0,0,0.121453,0.003622,Connected,150742302,10.002427,7,
0.007317,0.000001,1500.765137,278,414,Ethernet,137737,22921,0,0,0,0,0,0,3982,0,0,388,0,278,0,0,0,692,693,162.249.77.193,5184,0.016950,0,0,0.121008,0.003619,Connected,150742302,10.001817,7,
0.007210,0.000000,1510.766602,269,346,Ethernet,98919,20763,0,0,0,0,0,0,2402,0,0,353,0,269,0,0,0,615,616,162.249.77.193,5184,0.015262,0,0,0.126133,0.004032,Connected,150742302,10.000907,7,
0.007218,0.000000,1520.770996,274,306,Ethernet,79054,20578,0,0,0,0,0,0,1742,0,0,366,0,275,0,0,0,580,579,162.249.77.193,5184,0.014616,0,0,0.141688,0.004421,Connected,150742302,10.004312,7,
0.007254,0.000001,1530.774292,236,315,Ethernet,85567,18843,0,0,0,0,0,0,2498,0,0,316,0,236,0,0,0,551,549,162.249.77.193,5184,0.014012,0,0,0.124124,0.003582,Connected,150742302,10.003035,7,
0.007269,0.000001,1540.777100,247,347,Ethernet,108392,20390,0,0,0,0,0,0,2510,0,0,328,0,247,0,0,0,594,598,162.249.77.193,5184,0.014539,0,0,0.122511,0.003627,Connected,150742302,10.002555,7,
0.007174,0.000000,1550.777466,245,331,Ethernet,92534,19101,0,0,0,0,0,0,2505,0,0,318,0,245,0,0,0,576,575,162.249.77.193,5184,0.014418,0,0,0.129975,0.003713,Connected,150742302,10.000730,7,
0.007090,0.000000,1560.780029,231,363,Ethernet,107087,19993,0,0,0,0,0,0,2966,0,1,346,0,235,0,1,0,594,599,162.249.77.193,5184,0.014241,0,0,0.153550,0.012209,Connected,150742302,10.003859,7,
0.007077,0.000000,1570.786621,251,387,Ethernet,125202,20820,0,0,0,0,0,0,3393,0,0,332,0,251,0,0,0,638,636,162.249.77.193,5184,0.015650,0,0,0.123999,0.003778,Connected,150742302,10.006575,7,
0.007244,0.000001,1580.791382,253,385,Ethernet,120724,20866,0,0,0,0,0,0,3243,0,0,331,0,253,0,0,0,638,638,162.249.77.193,5184,0.015860,0,0,0.127192,0.004509,Connected,150742302,10.004111,7,
0.007128,0.000000,1590.792480,249,325,Ethernet,90982,19042,0,0,0,0,0,0,2351,0,0,335,0,249,0,0,0,574,573,162.249.77.193,5184,0.014593,0,0,0.134113,0.003960,Connected,150742302,10.001088,7,
0.007079,0.000000,1600.794922,228,339,Ethernet,106748,18630,0,0,0,0,0,0,2743,0,0,302,0,228,0,0,0,567,570,162.249.77.193,5184,0.014298,0,0,0.129929,0.004352,Connected,150742302,10.003144,7,
0.007220,0.000001,1610.796143,203,285,Ethernet,73175,16313,0,0,0,0,0,0,1832,0,0,272,0,203,0,0,0,488,488,162.249.77.193,5184,0.012039,0,0,0.123841,0.004390,Connected,150742302,10.000314,7,
0.007227,0.000000,1620.799438,261,338,Ethernet,94066,20411,0,0,0,0,0,0,2718,0,0,335,0,261,0,0,0,599,597,162.249.77.193,5184,0.014982,0,0,0.124227,0.003483,Connected,150742302,10.001615,7,
0.007296,0.000001,1630.804321,258,344,Ethernet,104617,20332,0,0,0,0,0,0,2355,0,0,328,0,258,0,0,0,602,604,162.249.77.193,5184,0.014815,0,0,0.123381,0.003589,Connected,150742302,10.003256,7,
0.007285,0.000001,1640.806030,251,301,Ethernet,86186,18624,0,0,0,0,0,0,2269,0,0,316,0,251,0,0,0,552,549,162.249.77.193,5184,0.014478,0,0,0.133363,0.004221,Connected,150742302,10.001946,7,
0.007095,0.000000,1650.811646,228,292,Ethernet,72124,17501,0,0,0,0,0,0,1942,0,0,304,0,228,0,0,0,520,522,162.249.77.193,5184,0.013006,0,0,0.122754,0.003254,Connected,150742302,10.004608,7,
0.007104,0.000000,1660.815430,256,285,Ethernet,69036,18508,0,0,0,0,0,0,1369,0,0,322,0,256,0,0,0,541,541,162.249.77.193,5184,0.013347,0,0,0.123276,0.003862,Connected,150742302,10.001731,7,
0.007215,0.000000,1670.816650,286,415,Ethernet,158433,24261,0,0,0,0,0,0,4342,0,0,409,0,286,0,0,0,701,702,162.249.77.193,5184,0.017835,0,0,0.119836,0.002840,Connected,150742302,10.000245,7,
0.007193,0.000000,1680.822632,264,382,Ethernet,123488,21475,0,0,0,0,0,0,3590,0,0,331,0,264,0,0,0,646,645,162.249.77.193,5184,0.015987,0,0,0.120089,0.003461,Connected,150742302,10.005579,7,
0.007050,0.000000,1690.826782,244,329,Ethernet,85212,18922,0,0,0,0,0,0,1754,0,0,308,0,244,0,0,0,573,573,162.249.77.193,5184,0.013324,0,0,0.120837,0.004404,Connected,150742302,10.003533,7,
0.007162,0.000000,1700.833008,283,355,Ethernet,104358,21742,0,0,0,0,0,0,2481,0,0,379,0,283,0,0,0,638,638,162.249.77.193,5184,0.015529,0,0,0.120709,0.003560,Connected,150742302,10.005310,7,
0.007081,0.000000,1710.838867,267,312,Ethernet,79949,20085,0,0,0,0,0,0,2178,0,0,356,0,267,0,0,0,579,579,162.249.77.193,5184,0.014328,0,0,0.119685,0.003110,Connected,150742302,10.004893,7,
0.007031,0.000000,1720.844971,257,301,Ethernet,80103,19144,0,0,0,0,0,0,1761,0,0,314,0,257,0,0,0,558,558,162.249.77.193,5184,0.013578,0,0,0.120174,0.002923,Connected,150742302,10.005661,7,
0.007630,0.000001,1730.848022,262,408,Ethernet,142395,22880,0,0,0,0,0,0,3896,0,0,357,0,262,0,0,0,670,668,162.249.77.193,5184,0.016278,0,0,0.121242,0.004252,Connected,150742302,10.002549,7,
0.007628,0.000001,1740.848389,267,357,Ethernet,109116,21547,0,0,0,0,0,0,3066,0,0,359,0,267,0,0,0,624,627,162.249.77.193,5184,0.016025,0,0,0.121733,0.003871,Connected,150742302,10.000229,7,
0.007551,0.000001,1750.854248,259,332,Ethernet,95460,19969,0,0,0,0,0,0,2401,0,0,338,0,259,0,0,0,591,589,162.249.77.193,5184,0.015136,0,0,0.121336,0.004234,Connected,150742302,10.004962,7,
0.007384,0.000001,1760.860107,231,319,Ethernet,100550,18380,0,0,0,0,0,0,2700,0,0,305,0,231,0,0,0,550,550,162.249.77.193,5184,0.014318,0,0,0.120910,0.003426,Connected,150742302,10.005507,7,
0.007250,0.000000,1770.865356,239,328,Ethernet,99790,18638,0,0,0,0,0,0,2676,0,0,306,0,239,0,0,0,567,568,162.249.77.193,5184,0.014307,0,0,0.121294,0.004051,Connected,150742302,10.004669,7,
0.007209,0.000000,1780.871216,259,329,Ethernet,99754,19917,0,0,0,0,0,0,2395,0,0,329,0,259,0,0,0,588,588,162.249.77.193,5184,0.015120,0,0,0.122207,0.004274,Connected,150742302,10.005683,7,
0.007230,0.000000,1790.877930,242,305,Ethernet,78181,18609,0,0,0,0,0,0,1926,0,0,334,0,242,0,0,0,547,548,162.249.77.193,5184,0.013763,0,0,0.123301,0.005918,Connected,150742302,10.006045,7,
0.007292,0.000000,1800.882446,283,361,Ethernet,109386,21968,0,0,0,0,0,0,2991,0,0,367,0,283,0,0,0,644,643,162.249.77.193,5184,0.015830,0,0,0.121504,0.003732,Connected,150742302,10.004103,7,
0.007305,0.000000,1810.883545,278,381,Ethernet,120554,22876,0,0,0,0,0,0,3195,0,0,373,0,278,0,0,0,659,658,162.249.77.193,5184,0.016273,0,0,0.120550,0.004086,Connected,150742302,10.000414,7,
0.007669,0.000001,1820.884399,304,423,Ethernet,160325,25353,0,0,0,0,0,0,4980,0,0,431,0,304,0,0,0,727,731,162.249.77.193,5184,0.018971,0,0,0.121727,0.003378,Connected,150742302,10.000329,7,
0.007387,0.000001,1830.886353,284,364,Ethernet,125245,22359,0,0,0,0,0,0,3629,0,0,377,0,284,0,0,0,648,645,162.249.77.193,5184,0.016515,0,0,0.124123,0.004374,Connected,150742302,10.001862,7,
0.007384,0.000001,1840.892456,264,367,Ethernet,123569,21192,0,0,0,0,0,0,3168,0,0,347,0,264,0,0,0,631,631,162.249.77.193,5184,0.015995,0,0,0.120860,0.003372,Connected,150742302,10.005441,7,
0.007310,0.000000,1850.899414,257,332,Ethernet,92201,19480,0,0,0,0,0,0,2797,0,0,346,0,257,0,0,0,589,590,162.249.77.193,5184,0.015194,0,0,0.120613,0.003638,Connected,150742302,10.006719,7,
0.007133,0.000000,1860.899658,212,325,Ethernet,87377,17502,0,0,0,0,0,0,2599,0,0,275,0,212,0,0,0,537,536,162.249.77.193,5184,0.012866,0,0,0.120666,0.003877,Connected,150742302,10.000013,7,
0.006981,0.000000,1870.904419,114,179,Ethernet,38405,9619,0,0,0,0,0,0,994,0,0,140,0,114,0,0,0,293,294,162.249.77.193,5184,0.006683,0,0,0.123660,0.004654,Connected,150742302,10.004314,7,
0.006956,0.000000,1872.024292,0,0,Ethernet,0,462,0,0,0,0,1,0,0,0,0,4,0,0,0,0,0,0,9,162.249.77.193,5184,0.002595,0,0,0.121723,0.004028,Connected,150742302,1912.271040,7,
